Model,Screen Size,Refresh Rate,Resolution,Processor,Graphics Card,RAM,Storage,Price,Images,Link
MSI VECTOR 16 HX,16.0,144,FHD,Intel Core Ultra 7-255HX,NVIDIA RTX 5070 Ti 12GB,16GB DDR5 5600MHz,512GB NVMe SSD Gen 4x4,2120,https://instagram.ffru2-1.fna.fbcdn.net/v/t51.2885-15/497522012_18481935019067612_6142787643647396261_n.jpg?stp=dst-jpg_e35_tt6&efg=eyJ2ZW5jb2RlX3RhZyI6IkNBUk9VU0VMX0lURU0uaW1hZ2VfdXJsZ2VuLjExNzB4MTE3MC5zZHIuZjc1NzYxLmRlZmF1bHRfaW1hZ2UifQ&_nc_ht=instagram.ffru2-1.fna.fbcdn.net&_nc_cat=108&_nc_oc=Q6cZ2QFw_a0o2Ro3d_NNgZS8lDKUirKcRUsbN7kmE6RyzajM2KTjqcfPb1fSnuGQjjOwhJA&_nc_ohc=crGZEBeyrX0Q7kNvwGXG2QC&_nc_gid=rSJI06ksd6Nc9B1yPbJOEQ&edm=AP4sbd4BAAAA&ccb=7-5&ig_cache_key=MzYzMjA2NTkwNzQ2MjkzODM0MQ%3D%3D.3-ccb7-5&oh=00_AfKPnMuIcPNabKr3InBduHnnKl_SZiEU2hyRXD2g3j9UDA&oe=6834AF5E&_nc_sid=7a9f4b,https://www.instagram.com/p/DJnsLf4o5Pf/?img_index=1
ASUS ROG STRIX G16,16.0,240,2560x1600,Intel Core i9-13980HX,NVIDIA RTX 4070 8GB,16,1000,1890,https://instagram.ffru2-1.fna.fbcdn.net/v/t51.2885-15/497546093_18481934302067612_3174229393737824074_n.jpg?stp=dst-jpg_e35_tt6&efg=eyJ2ZW5jb2RlX3RhZyI6IkNBUk9VU0VMX0lURU0uaW1hZ2VfdXJsZ2VuLjExNzB4MTE2OS5zZHIuZjc1NzYxLmRlZmF1bHRfaW1hZ2UifQ&_nc_ht=instagram.ffru2-1.fna.fbcdn.net&_nc_cat=108&_nc_oc=Q6cZ2QFw_a0o2Ro3d_NNgZS8lDKUirKcRUsbN7kmE6RyzajM2KTjqcfPb1fSnuGQjjOwhJA&_nc_ohc=ZEbXkGNWbJAQ7kNvwG2ih3I&_nc_gid=rSJI06ksd6Nc9B1yPbJOEQ&edm=AP4sbd4BAAAA&ccb=7-5&ig_cache_key=MzYzMjA1OTI2NjAzNDE0NjkwNw%3D%3D.3-ccb7-5&oh=00_AfIGibR5jUHYV0CEdT6RmrTW404_My2IQmMD2GXuaN1CHQ&oe=6834C2B6&_nc_sid=7a9f4b,https://www.instagram.com/p/DJnqqy0oyVy/?img_index=1
MSI THIN 15 2025,15.6,144,1920x1080,Intel Core i5-13420H,NVIDIA RTX 4060 8GB,16,512,1050,https://instagram.ffru2-1.fna.fbcdn.net/v/t51.2885-15/491419537_18477432895067612_8181156293526889316_n.jpg?stp=dst-jpg_e35_tt6&efg=eyJ2ZW5jb2RlX3RhZyI6IkNBUk9VU0VMX0lURU0uaW1hZ2VfdXJsZ2VuLjExNzB4MTE3MC5zZHIuZjc1NzYxLmRlZmF1bHRfaW1hZ2UifQ&_nc_ht=instagram.ffru2-1.fna.fbcdn.net&_nc_cat=108&_nc_oc=Q6cZ2QFw_a0o2Ro3d_NNgZS8lDKUirKcRUsbN7kmE6RyzajM2KTjqcfPb1fSnuGQjjOwhJA&_nc_ohc=mm3YQ5Kx9isQ7kNvwGQRQtK&_nc_gid=rSJI06ksd6Nc9B1yPbJOEQ&edm=AP4sbd4BAAAA&ccb=7-5&ig_cache_key=MzYxMjU5Mjc5NjY3ODAyOTIyOQ%3D%3D.3-ccb7-5&oh=00_AfJx3_8swA4qyX_JBDYPgB7gvQc3r9QfChPDosWDI6xwJw&oe=68349F2C&_nc_sid=7a9f4b,https://www.instagram.com/p/DIiggUXIvQf/?img_index=1
ACER NITRO V15 2025,15.6,144,1920x1080,Intel Core i7-13620H,NVIDIA RTX 4060 8GB,16,512,1150,https://instagram.ffru2-1.fna.fbcdn.net/v/t51.2885-15/491447635_18477432325067612_8868106054626545006_n.jpg?stp=dst-jpg_e35_tt6&efg=eyJ2ZW5jb2RlX3RhZyI6IkNBUk9VU0VMX0lURU0uaW1hZ2VfdXJsZ2VuLjExNzB4MTE3MC5zZHIuZjc1NzYxLmRlZmF1bHRfaW1hZ2UifQ&_nc_ht=instagram.ffru2-1.fna.fbcdn.net&_nc_cat=108&_nc_oc=Q6cZ2QFw_a0o2Ro3d_NNgZS8lDKUirKcRUsbN7kmE6RyzajM2KTjqcfPb1fSnuGQjjOwhJA&_nc_ohc=vd6YuD7JUZgQ7kNvwHDkOM2&_nc_gid=rSJI06ksd6Nc9B1yPbJOEQ&edm=AP4sbd4BAAAA&ccb=7-5&ig_cache_key=MzYxMjU4Njc1NjIxNzU2MTQyMQ%3D%3D.3-ccb7-5&oh=00_AfJLwqVF4XSWP5hDGNpZvzaCJfnZoob89TRMeqLCVxpBBw&oe=6834C8A8&_nc_sid=7a9f4b,https://www.instagram.com/p/DIifIeCITTa/?img_index=1
ASUS ROG ZEPHYRUS G16,16.0,240,2560x1600,AMD Ryzen AI 9 HX,NVIDIA RTX 4060 8GB,16,1000,1990,https://instagram.ffru2-1.fna.fbcdn.net/v/t51.2885-15/491440915_18477429460067612_7867663570785695560_n.jpg?stp=dst-jpg_e35_tt6&efg=eyJ2ZW5jb2RlX3RhZyI6IkNBUk9VU0VMX0lURU0uaW1hZ2VfdXJsZ2VuLjExNzB4MTE3MC5zZHIuZjc1NzYxLmRlZmF1bHRfaW1hZ2UifQ&_nc_ht=instagram.ffru2-1.fna.fbcdn.net&_nc_cat=108&_nc_oc=Q6cZ2QFw_a0o2Ro3d_NNgZS8lDKUirKcRUsbN7kmE6RyzajM2KTjqcfPb1fSnuGQjjOwhJA&_nc_ohc=fBQN-luKljgQ7kNvwEswUbG&_nc_gid=rSJI06ksd6Nc9B1yPbJOEQ&edm=AP4sbd4BAAAA&ccb=7-5&ig_cache_key=MzYxMjU4MTU1OTg5NDQ4MzEyMg%3D%3D.3-ccb7-5&oh=00_AfLu9T8_iCIajlSatJiUChyC25lZPVpixddNrO1gcwvUJQ&oe=6834C5A2&_nc_sid=7a9f4b,https://www.instagram.com/p/DIid8y_IMR1/?img_index=1
GIGABYTE AORUS MASTER 18,18.0,240,2560x1600,Intel Core Ultra 9-275HX,NVIDIA RTX 5080 16GB,32,2000,4140,https://instagram.ffru2-1.fna.fbcdn.net/v/t51.2885-15/486404659_18473110717067612_7989011271074759534_n.jpg?stp=dst-jpg_e35_tt6&efg=eyJ2ZW5jb2RlX3RhZyI6IkNBUk9VU0VMX0lURU0uaW1hZ2VfdXJsZ2VuLjExMjV4MTEyNS5zZHIuZjc1NzYxLmRlZmF1bHRfaW1hZ2UifQ&_nc_ht=instagram.ffru2-1.fna.fbcdn.net&_nc_cat=108&_nc_oc=Q6cZ2QFw_a0o2Ro3d_NNgZS8lDKUirKcRUsbN7kmE6RyzajM2KTjqcfPb1fSnuGQjjOwhJA&_nc_ohc=qpeRiYc__E4Q7kNvwEwznbS&_nc_gid=rSJI06ksd6Nc9B1yPbJOEQ&edm=AP4sbd4BAAAA&ccb=7-5&ig_cache_key=MzU5Njg2NjMzNTUxMTE4MzE5Mg%3D%3D.3-ccb7-5&oh=00_AfIypp_0vuNpav3cqZKgQh4Bcu8_kTlUgkmZ90FPGN_SrA&oe=6834C4A8&_nc_sid=7a9f4b,https://www.instagram.com/p/DHqouPRNNYw/?img_index=1
ASUS ROG FLOW Z13 (2025),13.4,180,2560x1600,AMD Ryzen AI MAX+ 395,AMD Radeon 8060S,32,1000,2940,https://instagram.ffru2-1.fna.fbcdn.net/v/t51.2885-15/486791443_18473106463067612_8503725141580858872_n.jpg?stp=dst-jpg_e35_tt6&efg=eyJ2ZW5jb2RlX3RhZyI6IkNBUk9VU0VMX0lURU0uaW1hZ2VfdXJsZ2VuLjExMjV4MTEyNS5zZHIuZjc1NzYxLmRlZmF1bHRfaW1hZ2UifQ&_nc_ht=instagram.ffru2-1.fna.fbcdn.net&_nc_cat=108&_nc_oc=Q6cZ2QFw_a0o2Ro3d_NNgZS8lDKUirKcRUsbN7kmE6RyzajM2KTjqcfPb1fSnuGQjjOwhJA&_nc_ohc=E4hLPisqT20Q7kNvwGlfkZv&_nc_gid=rSJI06ksd6Nc9B1yPbJOEQ&edm=AP4sbd4BAAAA&ccb=7-5&ig_cache_key=MzU5Njg1NDAxNDk2MTM1OTIyMg%3D%3D.3-ccb7-5&oh=00_AfIugnCWCR3SdFCOVFkOjBuUhYJjhhzeFdrsGdOB3aXacg&oe=6834B43B&_nc_sid=7a9f4b,https://www.instagram.com/p/DHql67-tI-w/?img_index=1
MSI TITAN18 HX AI NORSE MYTH,18.0,120,3840x2400,Intel Core Ultra 9-285HX,NVIDIA RTX 5080 16GB,64,4000,6340,https://instagram.ffru2-1.fna.fbcdn.net/v/t51.2885-15/472731192_18473100643067612_3572645652981960674_n.jpg?stp=dst-jpg_e35_tt6&efg=eyJ2ZW5jb2RlX3RhZyI6IkNBUk9VU0VMX0lURU0uaW1hZ2VfdXJsZ2VuLjExMjV4MTEyNS5zZHIuZjc1NzYxLmRlZmF1bHRfaW1hZ2UifQ&_nc_ht=instagram.ffru2-1.fna.fbcdn.net&_nc_cat=108&_nc_oc=Q6cZ2QFw_a0o2Ro3d_NNgZS8lDKUirKcRUsbN7kmE6RyzajM2KTjqcfPb1fSnuGQjjOwhJA&_nc_ohc=A6kJRTDIDU0Q7kNvwGfX8W_&_nc_gid=rSJI06ksd6Nc9B1yPbJOEQ&edm=AP4sbd4BAAAA&ccb=7-5&ig_cache_key=MzU5NjgzNzg4MDExMTMwMDg1OA%3D%3D.3-ccb7-5&oh=00_AfIR9v27Rvw1YZdwOGeSN2PREvRX_npZjMlj00kUEtB-vw&oe=6834BF7C&_nc_sid=7a9f4b,https://www.instagram.com/p/DHqiQK-NYwU/?img_index=1
MSI VECTOR A18 HX,18.0,240,2560x1600,AMD Ryzen 9-9955HX,NVIDIA RTX 5070Ti 12GB,32,2000,3448,https://instagram.ffru2-1.fna.fbcdn.net/v/t51.2885-15/482844275_18468863362067612_7373950823335225431_n.jpg?stp=dst-jpg_e35_tt6&efg=eyJ2ZW5jb2RlX3RhZyI6IkNBUk9VU0VMX0lURU0uaW1hZ2VfdXJsZ2VuLjExMjV4MTEyNS5zZHIuZjc1NzYxLmRlZmF1bHRfaW1hZ2UifQ&_nc_ht=instagram.ffru2-1.fna.fbcdn.net&_nc_cat=108&_nc_oc=Q6cZ2QFw_a0o2Ro3d_NNgZS8lDKUirKcRUsbN7kmE6RyzajM2KTjqcfPb1fSnuGQjjOwhJA&_nc_ohc=aYUrIqIY-B8Q7kNvwFbqiKX&_nc_gid=rSJI06ksd6Nc9B1yPbJOEQ&edm=AP4sbd4BAAAA&ccb=7-5&ig_cache_key=MzU4MjIyNTIyMjQ2ODk1ODk1MA%3D%3D.3-ccb7-5&oh=00_AfLKgnEj3GniR0GRjli64JUz8NF6BP5M1nVBXWKb0ACndg&oe=6834C39C&_nc_sid=7a9f4b,https://www.instagram.com/p/DG2nt7At7Df/?img_index=1
GIGABYTE AORUS MASTER 16,16.0,240,2560x1600,Intel Core Ultra 9-275HZ,NVIDIA RTX 5080 16GB,32,1000,3678,https://instagram.ffru2-1.fna.fbcdn.net/v/t51.2885-15/482594605_18468857236067612_1134987449619916189_n.jpg?stp=dst-jpg_e35_tt6&efg=eyJ2ZW5jb2RlX3RhZyI6IkNBUk9VU0VMX0lURU0uaW1hZ2VfdXJsZ2VuLjExMjV4MTEyNS5zZHIuZjc1NzYxLmRlZmF1bHRfaW1hZ2UifQ&_nc_ht=instagram.ffru2-1.fna.fbcdn.net&_nc_cat=108&_nc_oc=Q6cZ2QHUc7NEP93ULHbIgZoyMr6dwsylgo9kWBD_e-GLGnJicDEmlb6Kk9IY_cP7R8HMMGw&_nc_ohc=gVnK_kDTOL0Q7kNvwGB_Zla&_nc_gid=Vx3cshhjDhzvvVGWYM882w&edm=APoiHPcBAAAA&ccb=7-5&ig_cache_key=MzU4MjE5NjI2NjU3OTU1OTMyOQ%3D%3D.3-ccb7-5&oh=00_AfIvEEq0uovCWNYsMEsdD3ZyETCpvuSuMX7jsPTD98HEfw&oe=6834B80D&_nc_sid=22de04,https://www.instagram.com/p/DG2hIkYtJEJ/?img_index=1
ASUS ROG STRIX G18,18.0,240,2560x1600,Intel Core Ultra 9-275HX,NVIDIA RTX 5070Ti 12GB,32,1000,3218,https://instagram.ffru2-1.fna.fbcdn.net/v/t51.2885-15/482325428_18468854692067612_9216085722734138637_n.jpg?stp=dst-jpg_e35_tt6&efg=eyJ2ZW5jb2RlX3RhZyI6IkNBUk9VU0VMX0lURU0uaW1hZ2VfdXJsZ2VuLjExMjV4MTEyNS5zZHIuZjc1NzYxLmRlZmF1bHRfaW1hZ2UifQ&_nc_ht=instagram.ffru2-1.fna.fbcdn.net&_nc_cat=108&_nc_oc=Q6cZ2QHUc7NEP93ULHbIgZoyMr6dwsylgo9kWBD_e-GLGnJicDEmlb6Kk9IY_cP7R8HMMGw&_nc_ohc=aEcVniEKUY4Q7kNvwElerKi&_nc_gid=Vx3cshhjDhzvvVGWYM882w&edm=APoiHPcBAAAA&ccb=7-5&ig_cache_key=MzU4MjE4NTMyNTA2NjU0NzQ2NA%3D%3D.3-ccb7-5&oh=00_AfJ0Ohs31ur7rcwTN48yskEDP5kCAXFAPL4mCoXoymm6MQ&oe=68349F2B&_nc_sid=22de04,https://www.instagram.com/p/DG2epTptt6l/?img_index=1
ACER PREDATOR TRITON 14,14.0,250,2560x1600,Intel Core i7-13700H,NVIDIA RTX 4070 8GB,16,1000,1540,https://instagram.ffru2-1.fna.fbcdn.net/v/t51.2885-15/476166255_18464073895067612_455259213026523240_n.jpg?stp=dst-jpg_e35_tt6&efg=eyJ2ZW5jb2RlX3RhZyI6IkNBUk9VU0VMX0lURU0uaW1hZ2VfdXJsZ2VuLjExNzB4MTE3MC5zZHIuZjc1NzYxLmRlZmF1bHRfaW1hZ2UifQ&_nc_ht=instagram.ffru2-1.fna.fbcdn.net&_nc_cat=108&_nc_oc=Q6cZ2QEZAX82z7TV9CXLpvll0_cJbXd7mKoJOPGdiISfiA8V102SqKmUrfD4oEewzmY48H4&_nc_ohc=PMPIhy8dnTgQ7kNvwGniyuy&_nc_gid=WDVpFhYRKMdSykZQ0XYATg&edm=APoiHPcBAAAA&ccb=7-5&ig_cache_key=MzU2MjQ1MDAwMTIwMDIwNDg0NQ%3D%3D.3-ccb7-5&oh=00_AfJnPulwkURk13QlftggVY6qgL1CA5XOxAzIGVfXELh3GA&oe=6834D61E&_nc_sid=22de04,https://www.instagram.com/p/DFwXWnWoiby/?img_index=1
LENOVO YOGA 7i,16.0,,2560x1440,Intel Core Ultra 7-155U,Intel Iris Xe AI,16,1000,1050,https://instagram.ffru2-1.fna.fbcdn.net/v/t51.29350-15/474650050_939632338325212_2368620619392054047_n.jpg?stp=dst-jpg_e35_tt6&efg=eyJ2ZW5jb2RlX3RhZyI6IkNBUk9VU0VMX0lURU0uaW1hZ2VfdXJsZ2VuLjExNzB4MTE3MC5zZHIuZjI5MzUwLmRlZmF1bHRfaW1hZ2UifQ&_nc_ht=instagram.ffru2-1.fna.fbcdn.net&_nc_cat=104&_nc_oc=Q6cZ2QEZAX82z7TV9CXLpvll0_cJbXd7mKoJOPGdiISfiA8V102SqKmUrfD4oEewzmY48H4&_nc_ohc=VX8Vqd-ME9YQ7kNvwEcV9eE&_nc_gid=WDVpFhYRKMdSykZQ0XYATg&edm=APoiHPcBAAAA&ccb=7-5&ig_cache_key=MzU1MDE5OTEyNDU1NzA3OTAyOA%3D%3D.3-ccb7-5&oh=00_AfIpxFfmVf12OsD5-VCr6kYFkpHu1Ip-eiD0FnK7lkskqQ&oe=6834D0B1&_nc_sid=22de04,https://www.instagram.com/p/DFE104JovfV/?img_index=1
Acer Aspire Lite AL15,15.6,,1920x1080,AMD Ryzen 7-5700U,AMD Radeon RX Vega 8,16,512,40000,https://instagram.ffru2-1.fna.fbcdn.net/v/t51.2885-15/499166021_18381592759139147_5628941560791479109_n.jpg?stp=dst-jpg_e35_p750x750_sh0.08_tt6&efg=eyJ2ZW5jb2RlX3RhZyI6IkZFRUQuaW1hZ2VfdXJsZ2VuLjE0NDB4MTgwMC5zZHIuZjc1NzYxLmRlZmF1bHRfaW1hZ2UifQ&_nc_ht=instagram.ffru2-1.fna.fbcdn.net&_nc_cat=111&_nc_oc=Q6cZ2QGc-gQ4NKSepI4qiyzuV2BsnG5_rh7EzyIfHAuDbFVav_Mb6-CRUi_sytlda2eAx6w&_nc_ohc=XW_Cbo780_kQ7kNvwGa_7AU&_nc_gid=as10VuZIlOqOl5eu08kMVA&edm=AA5fTDYBAAAA&ccb=7-5&ig_cache_key=MzYzNzMzNTk0MzcyNzMxMjA3Ng%3D%3D.3-ccb7-5&oh=00_AfIE44VpwgHaNHLh6OoG-qOnpnygrso-42hqgOIWTPzs8g&oe=6834D814&_nc_sid=7edfe2,https://www.instagram.com/p/DJ6acT2oGzM/
ACER TravelMate P2 14,14,,1920x1200,AMD Ryzen 5 PRO 7535U,AMD Radeon 660M,32,1024,50000,https://instagram.ffru2-1.fna.fbcdn.net/v/t51.2885-15/499877961_18381592684139147_1364457336297070860_n.jpg?stp=dst-jpg_e35_tt6&efg=eyJ2ZW5jb2RlX3RhZyI6IkZFRUQuaW1hZ2VfdXJsZ2VuLjE0NDB4MTgwMC5zZHIuZjc1NzYxLmRlZmF1bHRfaW1hZ2UifQ&_nc_ht=instagram.ffru2-1.fna.fbcdn.net&_nc_cat=111&_nc_oc=Q6cZ2QGc-gQ4NKSepI4qiyzuV2BsnG5_rh7EzyIfHAuDbFVav_Mb6-CRUi_sytlda2eAx6w&_nc_ohc=ikU0KUcwf2cQ7kNvwH9gZyZ&_nc_gid=as10VuZIlOqOl5eu08kMVA&edm=AA5fTDYBAAAA&ccb=7-5&ig_cache_key=MzYzNzMzNTQ1OTY1NDUwNzIwOQ%3D%3D.3-ccb7-5&oh=00_AfLL4buQSedsmChHVQrx3q8QjEKkXJFRtzSI_tx1IRtE5g&oe=6834D688&_nc_sid=7edfe2,https://www.instagram.com/p/DJ6aVRBo5rJ/
Acer Aspire 3,15.6,,1920x1080,Intel Celeron N4500,Intel UHD Graphics,8,256,27000,https://instagram.ffru2-1.fna.fbcdn.net/v/t51.2885-15/499243014_18381590938139147_3565376194597094190_n.jpg?stp=dst-jpg_e35_tt6&efg=eyJ2ZW5jb2RlX3RhZyI6IkZFRUQuaW1hZ2VfdXJsZ2VuLjE0NDB4MTgwMC5zZHIuZjc1NzYxLmRlZmF1bHRfaW1hZ2UifQ&_nc_ht=instagram.ffru2-1.fna.fbcdn.net&_nc_cat=111&_nc_oc=Q6cZ2QGc-gQ4NKSepI4qiyzuV2BsnG5_rh7EzyIfHAuDbFVav_Mb6-CRUi_sytlda2eAx6w&_nc_ohc=9k8EzGQoltMQ7kNvwHJn0Fo&_nc_gid=as10VuZIlOqOl5eu08kMVA&edm=AA5fTDYBAAAA&ccb=7-5&ig_cache_key=MzYzNzMyODgyMTIyMDMzNzgxNA%3D%3D.3-ccb7-5&oh=00_AfIHAhpTv8u75P6dMSeb1rkNI1vO2ZmfdsI89k_x9OvHkA&oe=6834E565&_nc_sid=7edfe2,https://www.instagram.com/p/DJ6Y0qgIOiW/
ACER NITRO V15,15.6,144,1920x1080,AMD Ryzen 5 7535HS,NGF RTX4050 6GB GDDR6,16,512,70000,https://instagram.ffru2-1.fna.fbcdn.net/v/t51.2885-15/498814982_18381362518139147_7026182067311021287_n.jpg?stp=dst-jpg_e35_tt6&efg=eyJ2ZW5jb2RlX3RhZyI6IkZFRUQuaW1hZ2VfdXJsZ2VuLjE0NDB4MTgwMC5zZHIuZjc1NzYxLmRlZmF1bHRfaW1hZ2UifQ&_nc_ht=instagram.ffru2-1.fna.fbcdn.net&_nc_cat=111&_nc_oc=Q6cZ2QH8nojCJ1Tf5tm-YXG6wmlE1SAUmnc8qTA7yBjK14A3G_fFlw9cjuCCkv_1UsxGnQg&_nc_ohc=xJif1W1OTxgQ7kNvwHlpiv8&_nc_gid=wXSE3AG82vLxcgoefQeFCA&edm=AP4sbd4BAAAA&ccb=7-5&ig_cache_key=MzYzNjAwMDczNzczMzA0Njg4OQ%3D%3D.3-ccb7-5&oh=00_AfK4e-omEGaLnVSCG2JzOhxBeiHWYPbcu4kem84hbY-J3g&oe=6834D616&_nc_sid=7a9f4b,https://www.instagram.com/p/DJ1q2gXovJp/
ACER NITRO V15,15.6,144,1920x1080,Intel Core i7-13620H,GeForce RTX 4060 8GB,16,512,90000,https://instagram.ffru2-1.fna.fbcdn.net/v/t51.2885-15/499429426_18381356359139147_5652698470222049300_n.jpg?stp=dst-jpg_e35_tt6&efg=eyJ2ZW5jb2RlX3RhZyI6IkZFRUQuaW1hZ2VfdXJsZ2VuLjE0NDB4MTgwMC5zZHIuZjc1NzYxLmRlZmF1bHRfaW1hZ2UifQ&_nc_ht=instagram.ffru2-1.fna.fbcdn.net&_nc_cat=111&_nc_oc=Q6cZ2QH8nojCJ1Tf5tm-YXG6wmlE1SAUmnc8qTA7yBjK14A3G_fFlw9cjuCCkv_1UsxGnQg&_nc_ohc=t7wWTsuS3DAQ7kNvwH9CO4O&_nc_gid=wXSE3AG82vLxcgoefQeFCA&edm=AP4sbd4BAAAA&ccb=7-5&ig_cache_key=MzYzNTk3MzMyNDA2NDEwMzU1MQ%3D%3D.3-ccb7-5&oh=00_AfJ60AgB3NR-dA9soNO2Vn_KnTfeUtuRiMQVa9B8PuQmLQ&oe=6834EF48&_nc_sid=7a9f4b,https://www.instagram.com/p/DJ1knlZoxx_/
LENOVO LOQ 15,15.6,144,1920x1080,AMD Ryzen 7 7435HS,Nvidia Geforce RTX 4060 8GB,16,512,85000,https://instagram.ffru2-1.fna.fbcdn.net/v/t51.2885-15/499614584_18381356026139147_426611721863842450_n.jpg?stp=dst-jpg_e35_tt6&efg=eyJ2ZW5jb2RlX3RhZyI6IkZFRUQuaW1hZ2VfdXJsZ2VuLjE0NDB4MTgwMC5zZHIuZjc1NzYxLmRlZmF1bHRfaW1hZ2UifQ&_nc_ht=instagram.ffru2-1.fna.fbcdn.net&_nc_cat=111&_nc_oc=Q6cZ2QH8nojCJ1Tf5tm-YXG6wmlE1SAUmnc8qTA7yBjK14A3G_fFlw9cjuCCkv_1UsxGnQg&_nc_ohc=Y-xfGMCAMqYQ7kNvwFrOLkW&_nc_gid=wXSE3AG82vLxcgoefQeFCA&edm=AP4sbd4BAAAA&ccb=7-5&ig_cache_key=MzYzNTk3MDg2MzIxNTQzMTAxMA%3D%3D.3-ccb7-5&oh=00_AfLfFtfG7TkhPqDyd95gFTVmd3nmla32WGEzSnn6U8Tbjw&oe=6834E5EA&_nc_sid=7a9f4b,https://www.instagram.com/p/DJ1kDxjoE1i/
HP VICTUS 16,16.1,144,1920x1080,AMD Ryzen 7 8845HS,Nvidia Geforce RTX 4070 8GB,16,512,98000,https://instagram.ffru2-1.fna.fbcdn.net/v/t51.2885-15/495684466_18379721725139147_1529326789934609068_n.jpg?stp=dst-jpg_e35_tt6&efg=eyJ2ZW5jb2RlX3RhZyI6IkZFRUQuaW1hZ2VfdXJsZ2VuLjE0NDB4MTgwMC5zZHIuZjc1NzYxLmRlZmF1bHRfaW1hZ2UifQ&_nc_ht=instagram.ffru2-1.fna.fbcdn.net&_nc_cat=111&_nc_oc=Q6cZ2QH8nojCJ1Tf5tm-YXG6wmlE1SAUmnc8qTA7yBjK14A3G_fFlw9cjuCCkv_1UsxGnQg&_nc_ohc=oSa7vci6SdAQ7kNvwH3cg0e&_nc_gid=wXSE3AG82vLxcgoefQeFCA&edm=AP4sbd4BAAAA&ccb=7-5&ig_cache_key=MzYyNjU1OTQ2NDk5MTM1Nzg4OA%3D%3D.3-ccb7-5&oh=00_AfLkah9IW36gR9VLDN3cL59sslfmt2O4PrOD-YW_pTEQpA&oe=6834D629&_nc_sid=7a9f4b,https://www.instagram.com/p/DJUIJ57o_vA/
DELL INSPIRON 14 2-in-1,14,,1920x1200,AMD Ryzen 5 8640HS,AMD Radeon 760M,16,512,57000,https://instagram.ffru2-1.fna.fbcdn.net/v/t51.2885-15/494600703_18379354222139147_1579379710211476533_n.jpg?stp=dst-jpg_e35_tt6&efg=eyJ2ZW5jb2RlX3RhZyI6IkZFRUQuaW1hZ2VfdXJsZ2VuLjE0NDB4MTgwMC5zZHIuZjc1NzYxLmRlZmF1bHRfaW1hZ2UifQ&_nc_ht=instagram.ffru2-1.fna.fbcdn.net&_nc_cat=111&_nc_oc=Q6cZ2QH8nojCJ1Tf5tm-YXG6wmlE1SAUmnc8qTA7yBjK14A3G_fFlw9cjuCCkv_1UsxGnQg&_nc_ohc=ZCUNBiVURUIQ7kNvwGFVcDg&_nc_gid=wXSE3AG82vLxcgoefQeFCA&edm=AP4sbd4BAAAA&ccb=7-5&ig_cache_key=MzYyNDQxMTUyNDk4NjI1MzQzNQ%3D%3D.3-ccb7-5&oh=00_AfKo6tGXEELpfnfY9CxfOwiVEKHbrez2LKbLFNC8WgXojw&oe=6834C21F&_nc_sid=7a9f4b,https://www.instagram.com/p/DJMfxQ6ozB7/
LENOVO LOQ 15,15.6,144,1920x1080,AMD Ryzen 5 7235HS,NGF RTX3050 6GB GDDR6,16,512,63000,https://instagram.ffru2-1.fna.fbcdn.net/v/t51.2885-15/494500900_18379347757139147_5191808178058350088_n.jpg?stp=dst-jpg_e35_tt6&efg=eyJ2ZW5jb2RlX3RhZyI6IkZFRUQuaW1hZ2VfdXJsZ2VuLjE0NDB4MTgwMC5zZHIuZjc1NzYxLmRlZmF1bHRfaW1hZ2UifQ&_nc_ht=instagram.ffru2-1.fna.fbcdn.net&_nc_cat=111&_nc_oc=Q6cZ2QH8nojCJ1Tf5tm-YXG6wmlE1SAUmnc8qTA7yBjK14A3G_fFlw9cjuCCkv_1UsxGnQg&_nc_ohc=2I94NU_ho2AQ7kNvwE_IADt&_nc_gid=wXSE3AG82vLxcgoefQeFCA&edm=AP4sbd4BAAAA&ccb=7-5&ig_cache_key=MzYyNDM3NTYxNzA1NDY3NDQ3Ng%3D%3D.3-ccb7-5&oh=00_AfKHCqxbx7LpT7bJ-P0QQTe-eln8yqpYYPwaM9_4LqfrRA&oe=6834C877&_nc_sid=7a9f4b,https://www.instagram.com/p/DJMXmvDIY4s/
